Student_ID,Department,Gender,Study_Hours,Marks,Attendance_Percent,Grade
S001,MBA,Female,1.7,44,91,D
S002,BOT,Male,7.3,83,85,A+
S003,BCA,Male,4.5,68,79,B
S004,BCA,Female,6.8,78,82,A
S005,MCA,Female,3.2,55,76,C
S006,MCA,Male,7.3,80,82,A+
S007,MCA,Male,3.7,78,78,A
S008,BOT,Female,1.1,44,66,D
S009,BCA,Male,7.3,84,84,A+
S010,BCA,Male,1.6,49,68,D
S011,MCA,Female,3.2,58,70,C
S012,BOT,Female,7.7,91,88,A+
S013,BOT,Female,7.7,98,87,A+
S014,MCA,Male,5,79,95,A
S015,MCA,Female,5.4,71,59,A
S016,MCA,Male,4.1,61,85,B
S017,MBA,Male,3.1,56,85,C
S018,MBA,Female,3.3,41,53,D
S019,MBA,Female,5.7,66,75,B
S020,MCA,Female,6.3,93,85,A+
S021,BCA,Female,6.5,97,78,A+
S022,MCA,Female,6.5,82,77,A+
S023,MCA,Male,1.6,52,64,C
S024,MBA,Male,4.5,71,94,A
S025,MBA,Male,1.4,70,87,A
S026,BCA,Male,4.8,80,93,A+
S027,MCA,Female,4.1,65,84,B
S028,MBA,Male,7.2,81,74,A+
S029,BCA,Female,3.5,48,68,D
S030,MCA,Female,1.8,50,76,C
S031,BCA,Female,2,44,61,D
S032,MCA,Male,6.3,71,86,A
S033,MCA,Female,5.3,70,78,A
S034,BOT,Male,1.7,39,66,F
S035,BOT,Male,1.6,60,82,B
S036,BOT,Female,5.9,86,89,A+
S037,MBA,Male,1.5,46,68,D
S038,MCA,Male,6.8,98,99,A+
S039,BCA,Female,5.9,80,74,A+
S040,MBA,Male,1.6,40,74,D
S041,MCA,Female,1.6,59,80,C
S042,MBA,Female,7.9,99,87,A+
S043,MCA,Female,3.6,54,77,C
S044,BOT,Male,3.6,60,66,B
S045,MCA,Male,6.7,78,90,A
S046,BCA,Female,7.6,81,82,A+
S047,MBA,Male,7.9,100,86,A+
S048,MBA,Female,6.3,98,98,A+
S049,MBA,Female,3.6,51,67,C
S050,MCA,Female,1.6,52,62,C
S051,BOT,Male,6.4,78,70,A
S052,BCA,Male,4.9,68,84,B
S053,BOT,Female,4,60,66,B
S054,BOT,Male,7.3,83,98,A+
S055,BCA,Male,1.8,49,55,D
S056,BOT,Female,4.4,61,90,B
S057,MCA,Female,1.1,45,72,D
S058,MCA,Female,4.3,67,78,B
S059,MCA,Female,1.4,44,66,D
S060,MBA,Male,1.8,41,73,D
S061,MBA,Female,1.8,44,70,D
S062,MCA,Female,5.5,82,93,A+
S063,BOT,Male,6.2,86,86,A+
S064,MBA,Male,5.1,65,79,B
S065,MCA,Female,7.7,94,85,A+
S066,MBA,Female,3.6,68,78,B
S067,MCA,Female,3,44,73,D
S068,BOT,Female,7.1,93,74,A+
S069,MCA,Male,2.6,49,61,D
S070,BOT,Male,7.7,97,95,A+
S071,BCA,Female,1.1,37,69,F
S072,MCA,Female,7.8,79,81,A
S073,MCA,Female,1.3,32,66,F
S074,BOT,Female,7.2,89,89,A+
S075,BCA,Male,4.7,72,76,A
S076,BCA,Male,8,88,80,A+
S077,BCA,Female,1.5,51,74,C
S078,MCA,Female,4.9,58,67,C
S079,MBA,Female,7.8,93,91,A+
S080,MCA,Female,4.7,61,63,B
S081,BOT,Female,5.4,70,88,A
S082,BCA,Male,5.9,80,87,A+
S083,MBA,Male,4.2,60,78,B
S084,MCA,Male,5.4,72,88,A
S085,MBA,Female,5.1,81,97,A+
S086,MBA,Male,7.3,85,93,A+
S087,BCA,Male,1.3,51,58,C
S088,BCA,Female,3,48,62,D
S089,BOT,Male,7.7,97,84,A+
S090,MBA,Female,7.2,100,90,A+
S091,MCA,Male,4.2,47,76,D
S092,BCA,Male,5.3,68,73,B
S093,BCA,Female,2.9,61,78,B
S094,BCA,Male,2.3,51,67,C
S095,BCA,Male,4.2,69,74,B
S096,MBA,Female,3.5,56,63,C
S097,MBA,Female,5.1,74,74,A
S098,MBA,Male,1.5,45,60,D
S099,MCA,Female,7.8,100,82,A+
S100,MCA,Male,7.9,96,97,A+
S101,MCA,Male,5.9,82,76,A+
S102,BCA,Female,4.8,68,100,B
S103,MBA,Female,3.2,55,78,C
S104,MBA,Female,6.7,82,85,A+
S105,BOT,Female,5.8,82,77,A+
S106,MCA,Female,2.1,47,77,D
S107,MBA,Male,7.4,93,83,A+
S108,BCA,Male,6.8,100,91,A+
S109,MCA,Female,7.6,99,100,A+
S110,MCA,Male,6.1,78,82,A
S111,MCA,Male,5.3,84,94,A+
S112,MCA,Male,3.9,61,71,B
S113,BOT,Male,7.5,75,81,A
S114,BOT,Female,7.1,80,97,A+
S115,BCA,Female,1.3,30,60,F
S116,BOT,Female,1.2,41,84,D
S117,BOT,Male,3.6,62,82,B
S118,MCA,Male,6.7,99,85,A+
S119,BOT,Male,7.9,97,94,A+
S120,MBA,Male,2.1,49,80,D
S121,BOT,Female,5.2,81,88,A+
S122,BOT,Female,3.7,45,58,D
S123,MBA,Female,7.8,95,82,A+
S124,MCA,Male,6.9,93,86,A+
S125,MCA,Female,6.9,75,81,A
S126,MBA,Female,4.3,76,87,A
S127,BOT,Female,3.9,67,80,B
S128,BOT,Female,2.9,53,63,C
S129,MCA,Male,1.4,51,76,C
S130,MBA,Male,7.1,100,95,A+
S131,MBA,Male,6.7,87,90,A+
S132,MCA,Female,8,97,98,A+
S133,MCA,Male,8,91,94,A+
S134,MBA,Male,4.9,65,81,B
S135,BOT,Male,6.4,90,86,A+
S136,MBA,Male,7.6,85,71,A+
S137,MBA,Female,6.9,87,89,A+
S138,BCA,Female,2.7,51,75,C
S139,MBA,Male,4.2,70,82,A
S140,BOT,Male,1.9,52,63,C
S141,BOT,Male,7.7,100,81,A+
S142,MCA,Male,5.2,70,88,A
S143,MBA,Male,2.6,52,73,C
S144,MBA,Male,5.7,70,85,A
S145,MCA,Male,5.3,71,80,A
S146,MCA,Female,3.5,64,78,B
S147,BCA,Female,1.8,55,82,C
S148,MBA,Male,5.7,70,75,A
S149,MCA,Male,4.6,76,82,A
S150,MCA,Female,6.4,94,84,A+
S151,BOT,Male,4.6,73,77,A
S152,MCA,Female,7,100,88,A+
S153,MCA,Female,4.9,66,80,B
S154,MBA,Male,4.9,62,73,B
S155,BOT,Male,7.1,74,91,A
S156,MCA,Female,3.8,75,74,A
S157,BCA,Male,1.9,54,72,C
S158,BCA,Female,1.2,44,67,D
S159,MCA,Female,6.3,84,96,A+
S160,BCA,Female,5.3,66,80,B
S161,MBA,Male,5.9,99,98,A+
S162,BCA,Female,2.5,55,62,C
S163,BCA,Male,2,51,75,C
S164,MBA,Female,1.1,49,79,D
S165,MCA,Female,3.5,65,78,B
S166,BOT,Male,5.1,75,90,A
S167,MBA,Female,3.7,56,70,C
S168,MCA,Female,4.1,70,91,A
S169,MCA,Male,7.3,100,100,A+
S170,BCA,Male,3.4,71,77,A
S171,BCA,Male,4.6,82,80,A+
S172,MCA,Male,6.5,80,95,A+
S173,MBA,Male,3.8,56,87,C
S174,MCA,Female,5.4,74,77,A
S175,BCA,Male,7,88,82,A+
S176,MCA,Male,7.6,100,88,A+
S177,BCA,Female,2,36,57,F
S178,MBA,Male,7.5,100,83,A+
S179,BOT,Female,4.4,67,70,B
S180,MCA,Male,2.8,53,67,C
S181,MBA,Male,4.2,58,75,C
S182,MCA,Female,7.9,81,85,A+
S183,BOT,Female,4.4,75,94,A
S184,BOT,Female,3.3,60,68,B
S185,MCA,Female,5.4,65,86,B
S186,BCA,Female,2.7,45,69,D
S187,BOT,Male,1.5,44,70,D
S188,BCA,Male,1.9,63,82,B
S189,MBA,Female,1.9,47,62,D
S190,MCA,Female,2.1,39,72,F
S191,MCA,Female,2,48,73,D
S192,BOT,Male,5.5,74,85,A
S193,BOT,Male,2.3,31,68,F
S194,BCA,Female,3.4,60,96,B
S195,MBA,Male,7.3,88,81,A+
S196,MBA,Female,4.3,73,76,A
S197,BCA,Female,5.7,93,83,A+
S198,BOT,Male,2.2,61,72,B
S199,BOT,Female,2.3,50,67,C
S200,BCA,Female,1.3,36,77,F